user000001,pass000001
user000002,pass000002
user000003,pass000003
user000004,pass000004
user000005,pass000005
user000006,pass000006
user000007,pass000007
user000008,pass000008
user000009,pass000009
user000010,pass000010
user000011,pass000011
user000012,pass000012
user000013,pass000013
user000014,pass000014
user000015,pass000015
user000016,pass000016
user000017,pass000017
user000018,pass000018
user000019,pass000019
user000020,pass000020
user000021,pass000021
user000022,pass000022
user000023,pass000023
user000024,pass000024
user000025,pass000025
user000026,pass000026
user000027,pass000027
user000028,pass000028
user000029,pass000029
user000030,pass000030
user000031,pass000031
user000032,pass000032
user000033,pass000033
user000034,pass000034
user000035,pass000035
user000036,pass000036
user000037,pass000037
user000038,pass000038
user000039,pass000039
user000040,pass000040
user000041,pass000041
user000042,pass000042
user000043,pass000043
user000044,pass000044
user000045,pass000045
user000046,pass000046
user000047,pass000047
user000048,pass000048
user000049,pass000049
user000050,pass000050
user000051,pass000051
user000052,pass000052
user000053,pass000053
user000054,pass000054
user000055,pass000055
user000056,pass000056
user000057,pass000057
user000058,pass000058
user000059,pass000059
user000060,pass000060
user000061,pass000061
user000062,pass000062
user000063,pass000063
user000064,pass000064
user000065,pass000065
user000066,pass000066
user000067,pass000067
user000068,pass000068
user000069,pass000069
user000070,pass000070
user000071,pass000071
user000072,pass000072
user000073,pass000073
user000074,pass000074
user000075,pass000075
user000076,pass000076
user000077,pass000077
user000078,pass000078
user000079,pass000079
user000080,pass000080
user000081,pass000081
user000082,pass000082
user000083,pass000083
user000084,pass000084
user000085,pass000085
user000086,pass000086
user000087,pass000087
user000088,pass000088
user000089,pass000089
user000090,pass000090
user000091,pass000091
user000092,pass000092
user000093,pass000093
user000094,pass000094
user000095,pass000095
user000096,pass000096
user000097,pass000097
user000098,pass000098
user000099,pass000099
user000100,pass000100
user000101,pass000101
user000102,pass000102
user000103,pass000103
user000104,pass000104
user000105,pass000105
user000106,pass000106
user000107,pass000107
user000108,pass000108
user000109,pass000109
user000110,pass000110
user000111,pass000111
user000112,pass000112
user000113,pass000113
user000114,pass000114
user000115,pass000115
user000116,pass000116
user000117,pass000117
user000118,pass000118
user000119,pass000119
user000120,pass000120
user000121,pass000121
user000122,pass000122
user000123,pass000123
user000124,pass000124
user000125,pass000125
user000126,pass000126
user000127,pass000127
user000128,pass000128
user000129,pass000129
user000130,pass000130
user000131,pass000131
user000132,pass000132
user000133,pass000133
user000134,pass000134
user000135,pass000135
user000136,pass000136
user000137,pass000137
user000138,pass000138
user000139,pass000139
user000140,pass000140
user000141,pass000141
user000142,pass000142
user000143,pass000143
user000144,pass000144
user000145,pass000145
user000146,pass000146
user000147,pass000147
user000148,pass000148
user000149,pass000149
user000150,pass000150
user000151,pass000151
user000152,pass000152
user000153,pass000153
user000154,pass000154
user000155,pass000155
user000156,pass000156
user000157,pass000157
user000158,pass000158
user000159,pass000159
user000160,pass000160
user000161,pass000161
user000162,pass000162
user000163,pass000163
user000164,pass000164
user000165,pass000165
user000166,pass000166
user000167,pass000167
user000168,pass000168
user000169,pass000169
user000170,pass000170
user000171,pass000171
user000172,pass000172
user000173,pass000173
user000174,pass000174
user000175,pass000175
user000176,pass000176
user000177,pass000177
user000178,pass000178
user000179,pass000179
user000180,pass000180
user000181,pass000181
user000182,pass000182
user000183,pass000183
user000184,pass000184
user000185,pass000185
user000186,pass000186
user000187,pass000187
user000188,pass000188
user000189,pass000189
user000190,pass000190
user000191,pass000191
user000192,pass000192
user000193,pass000193
user000194,pass000194
user000195,pass000195
user000196,pass000196
user000197,pass000197
user000198,pass000198
user000199,pass000199
user000200,pass000200
user000201,pass000201
user000202,pass000202
user000203,pass000203
user000204,pass000204
user000205,pass000205
user000206,pass000206
user000207,pass000207
user000208,pass000208
user000209,pass000209
user000210,pass000210
user000211,pass000211
user000212,pass000212
user000213,pass000213
user000214,pass000214
user000215,pass000215
user000216,pass000216
user000217,pass000217
user000218,pass000218
user000219,pass000219
user000220,pass000220
user000221,pass000221
user000222,pass000222
user000223,pass000223
user000224,pass000224
user000225,pass000225
user000226,pass000226
user000227,pass000227
user000228,pass000228
user000229,pass000229
user000230,pass000230
user000231,pass000231
user000232,pass000232
user000233,pass000233
user000234,pass000234
user000235,pass000235
user000236,pass000236
user000237,pass000237
user000238,pass000238
user000239,pass000239
user000240,pass000240
user000241,pass000241
user000242,pass000242
user000243,pass000243
user000244,pass000244
user000245,pass000245
user000246,pass000246
user000247,pass000247
user000248,pass000248
user000249,pass000249
user000250,pass000250
user000251,pass000251
user000252,pass000252
user000253,pass000253
user000254,pass000254
user000255,pass000255
user000256,pass000256
user000257,pass000257
user000258,pass000258
user000259,pass000259
user000260,pass000260
user000261,pass000261
user000262,pass000262
user000263,pass000263
user000264,pass000264
user000265,pass000265
user000266,pass000266
user000267,pass000267
user000268,pass000268
user000269,pass000269
user000270,pass000270
user000271,pass000271
user000272,pass000272
user000273,pass000273
user000274,pass000274
user000275,pass000275
user000276,pass000276
user000277,pass000277
user000278,pass000278
user000279,pass000279
user000280,pass000280
user000281,pass000281
user000282,pass000282
user000283,pass000283
user000284,pass000284
user000285,pass000285
user000286,pass000286
user000287,pass000287
user000288,pass000288
user000289,pass000289
user000290,pass000290
user000291,pass000291
user000292,pass000292
user000293,pass000293
user000294,pass000294
user000295,pass000295
user000296,pass000296
user000297,pass000297
user000298,pass000298
user000299,pass000299
user000300,pass000300
user000301,pass000301
user000302,pass000302
user000303,pass000303
user000304,pass000304
user000305,pass000305
user000306,pass000306
user000307,pass000307
user000308,pass000308
user000309,pass000309
user000310,pass000310
user000311,pass000311
user000312,pass000312
user000313,pass000313
user000314,pass000314
user000315,pass000315
user000316,pass000316
user000317,pass000317
user000318,pass000318
user000319,pass000319
user000320,pass000320
user000321,pass000321
user000322,pass000322
user000323,pass000323
user000324,pass000324
user000325,pass000325
user000326,pass000326
user000327,pass000327
user000328,pass000328
user000329,pass000329
user000330,pass000330
user000331,pass000331
user000332,pass000332
user000333,pass000333
user000334,pass000334
user000335,pass000335
user000336,pass000336
user000337,pass000337
user000338,pass000338
user000339,pass000339
user000340,pass000340
user000341,pass000341
user000342,pass000342
user000343,pass000343
user000344,pass000344
user000345,pass000345
user000346,pass000346
user000347,pass000347
user000348,pass000348
user000349,pass000349
user000350,pass000350
user000351,pass000351
user000352,pass000352
user000353,pass000353
user000354,pass000354
user000355,pass000355
user000356,pass000356
user000357,pass000357
user000358,pass000358
user000359,pass000359
user000360,pass000360
user000361,pass000361
user000362,pass000362
user000363,pass000363
user000364,pass000364
user000365,pass000365
user000366,pass000366
user000367,pass000367
user000368,pass000368
user000369,pass000369
user000370,pass000370
user000371,pass000371
user000372,pass000372
user000373,pass000373
user000374,pass000374
user000375,pass000375
user000376,pass000376
user000377,pass000377
user000378,pass000378
user000379,pass000379
user000380,pass000380
user000381,pass000381
user000382,pass000382
user000383,pass000383
user000384,pass000384
user000385,pass000385
user000386,pass000386
user000387,pass000387
user000388,pass000388
user000389,pass000389
user000390,pass000390
user000391,pass000391
user000392,pass000392
user000393,pass000393
user000394,pass000394
user000395,pass000395
user000396,pass000396
user000397,pass000397
user000398,pass000398
user000399,pass000399
user000400,pass000400
user000401,pass000401
user000402,pass000402
user000403,pass000403
user000404,pass000404
user000405,pass000405
user000406,pass000406
user000407,pass000407
user000408,pass000408
user000409,pass000409
user000410,pass000410
user000411,pass000411
user000412,pass000412
user000413,pass000413
user000414,pass000414
user000415,pass000415
user000416,pass000416
user000417,pass000417
user000418,pass000418
user000419,pass000419
user000420,pass000420
user000421,pass000421
user000422,pass000422
user000423,pass000423
user000424,pass000424
user000425,pass000425
user000426,pass000426
user000427,pass000427
user000428,pass000428
user000429,pass000429
user000430,pass000430
user000431,pass000431
user000432,pass000432
user000433,pass000433
user000434,pass000434
user000435,pass000435
user000436,pass000436
user000437,pass000437
user000438,pass000438
user000439,pass000439
user000440,pass000440
user000441,pass000441
user000442,pass000442
user000443,pass000443
user000444,pass000444
user000445,pass000445
user000446,pass000446
user000447,pass000447
user000448,pass000448
user000449,pass000449
user000450,pass000450
user000451,pass000451
user000452,pass000452
user000453,pass000453
user000454,pass000454
user000455,pass000455
user000456,pass000456
user000457,pass000457
user000458,pass000458
user000459,pass000459
user000460,pass000460
user000461,pass000461
user000462,pass000462
user000463,pass000463
user000464,pass000464
user000465,pass000465
user000466,pass000466
user000467,pass000467
user000468,pass000468
user000469,pass000469
user000470,pass000470
user000471,pass000471
user000472,pass000472
user000473,pass000473
user000474,pass000474
user000475,pass000475
user000476,pass000476
user000477,pass000477
user000478,pass000478
user000479,pass000479
user000480,pass000480
user000481,pass000481
user000482,pass000482
user000483,pass000483
user000484,pass000484
user000485,pass000485
user000486,pass000486
user000487,pass000487
user000488,pass000488
user000489,pass000489
user000490,pass000490
user000491,pass000491
user000492,pass000492
user000493,pass000493
user000494,pass000494
user000495,pass000495
user000496,pass000496
user000497,pass000497
user000498,pass000498
user000499,pass000499
user000500,pass000500
user000501,pass000501
user000502,pass000502
user000503,pass000503
user000504,pass000504
user000505,pass000505
user000506,pass000506
user000507,pass000507
user000508,pass000508
user000509,pass000509
user000510,pass000510
user000511,pass000511
user000512,pass000512
user000513,pass000513
user000514,pass000514
user000515,pass000515
user000516,pass000516
user000517,pass000517
user000518,pass000518
user000519,pass000519
user000520,pass000520
user000521,pass000521
user000522,pass000522
user000523,pass000523
user000524,pass000524
user000525,pass000525
user000526,pass000526
user000527,pass000527
user000528,pass000528
user000529,pass000529
user000530,pass000530
user000531,pass000531
user000532,pass000532
user000533,pass000533
user000534,pass000534
user000535,pass000535
user000536,pass000536
user000537,pass000537
user000538,pass000538
user000539,pass000539
user000540,pass000540
user000541,pass000541
user000542,pass000542
user000543,pass000543
user000544,pass000544
user000545,pass000545
user000546,pass000546
user000547,pass000547
user000548,pass000548
user000549,pass000549
user000550,pass000550
user000551,pass000551
user000552,pass000552
user000553,pass000553
user000554,pass000554
user000555,pass000555
user000556,pass000556
user000557,pass000557
user000558,pass000558
user000559,pass000559
user000560,pass000560
user000561,pass000561
user000562,pass000562
user000563,pass000563
user000564,pass000564
user000565,pass000565
user000566,pass000566
user000567,pass000567
user000568,pass000568
user000569,pass000569
user000570,pass000570
user000571,pass000571
user000572,pass000572
user000573,pass000573
user000574,pass000574
user000575,pass000575
user000576,pass000576
user000577,pass000577
user000578,pass000578
user000579,pass000579
user000580,pass000580
user000581,pass000581
user000582,pass000582
user000583,pass000583
user000584,pass000584
user000585,pass000585
user000586,pass000586
user000587,pass000587
user000588,pass000588
user000589,pass000589
user000590,pass000590
user000591,pass000591
user000592,pass000592
user000593,pass000593
user000594,pass000594
user000595,pass000595
user000596,pass000596
user000597,pass000597
user000598,pass000598
user000599,pass000599
user000600,pass000600
user000601,pass000601
user000602,pass000602
user000603,pass000603
user000604,pass000604
user000605,pass000605
user000606,pass000606
user000607,pass000607
user000608,pass000608
user000609,pass000609
user000610,pass000610
user000611,pass000611
user000612,pass000612
user000613,pass000613
user000614,pass000614
user000615,pass000615
user000616,pass000616
user000617,pass000617
user000618,pass000618
user000619,pass000619
user000620,pass000620
user000621,pass000621
user000622,pass000622
user000623,pass000623
user000624,pass000624
user000625,pass000625
user000626,pass000626
user000627,pass000627
user000628,pass000628
user000629,pass000629
user000630,pass000630
user000631,pass000631
user000632,pass000632
user000633,pass000633
user000634,pass000634
user000635,pass000635
user000636,pass000636
user000637,pass000637
user000638,pass000638
user000639,pass000639
user000640,pass000640
user000641,pass000641
user000642,pass000642
user000643,pass000643
user000644,pass000644
user000645,pass000645
user000646,pass000646
user000647,pass000647
user000648,pass000648
user000649,pass000649
user000650,pass000650
user000651,pass000651
user000652,pass000652
user000653,pass000653
user000654,pass000654
user000655,pass000655
user000656,pass000656
user000657,pass000657
user000658,pass000658
user000659,pass000659
user000660,pass000660
user000661,pass000661
user000662,pass000662
user000663,pass000663
user000664,pass000664
user000665,pass000665
user000666,pass000666
user000667,pass000667
user000668,pass000668
user000669,pass000669
user000670,pass000670
user000671,pass000671
user000672,pass000672
user000673,pass000673
user000674,pass000674
user000675,pass000675
user000676,pass000676
user000677,pass000677
user000678,pass000678
user000679,pass000679
user000680,pass000680
user000681,pass000681
user000682,pass000682
user000683,pass000683
user000684,pass000684
user000685,pass000685
user000686,pass000686
user000687,pass000687
user000688,pass000688
user000689,pass000689
user000690,pass000690
user000691,pass000691
user000692,pass000692
user000693,pass000693
user000694,pass000694
user000695,pass000695
user000696,pass000696
user000697,pass000697
user000698,pass000698
user000699,pass000699
user000700,pass000700
user000701,pass000701
user000702,pass000702
user000703,pass000703
user000704,pass000704
user000705,pass000705
user000706,pass000706
user000707,pass000707
user000708,pass000708
user000709,pass000709
user000710,pass000710
user000711,pass000711
user000712,pass000712
user000713,pass000713
user000714,pass000714
user000715,pass000715
user000716,pass000716
user000717,pass000717
user000718,pass000718
user000719,pass000719
user000720,pass000720
user000721,pass000721
user000722,pass000722
user000723,pass000723
user000724,pass000724
user000725,pass000725
user000726,pass000726
user000727,pass000727
user000728,pass000728
user000729,pass000729
user000730,pass000730
user000731,pass000731
user000732,pass000732
user000733,pass000733
user000734,pass000734
user000735,pass000735
user000736,pass000736
user000737,pass000737
user000738,pass000738
user000739,pass000739
user000740,pass000740
user000741,pass000741
user000742,pass000742
user000743,pass000743
user000744,pass000744
user000745,pass000745
user000746,pass000746
user000747,pass000747
user000748,pass000748
user000749,pass000749
user000750,pass000750
user000751,pass000751
user000752,pass000752
user000753,pass000753
user000754,pass000754
user000755,pass000755
user000756,pass000756
user000757,pass000757
user000758,pass000758
user000759,pass000759
user000760,pass000760
user000761,pass000761
user000762,pass000762
user000763,pass000763
user000764,pass000764
user000765,pass000765
user000766,pass000766
user000767,pass000767
user000768,pass000768
user000769,pass000769
user000770,pass000770
user000771,pass000771
user000772,pass000772
user000773,pass000773
user000774,pass000774
user000775,pass000775
user000776,pass000776
user000777,pass000777
user000778,pass000778
user000779,pass000779
user000780,pass000780
user000781,pass000781
user000782,pass000782
user000783,pass000783
user000784,pass000784
user000785,pass000785
user000786,pass000786
user000787,pass000787
user000788,pass000788
user000789,pass000789
user000790,pass000790
user000791,pass000791
user000792,pass000792
user000793,pass000793
user000794,pass000794
user000795,pass000795
user000796,pass000796
user000797,pass000797
user000798,pass000798
user000799,pass000799
user000800,pass000800
user000801,pass000801
user000802,pass000802
user000803,pass000803
user000804,pass000804
user000805,pass000805
user000806,pass000806
user000807,pass000807
user000808,pass000808
user000809,pass000809
user000810,pass000810
user000811,pass000811
user000812,pass000812
user000813,pass000813
user000814,pass000814
user000815,pass000815
user000816,pass000816
user000817,pass000817
user000818,pass000818
user000819,pass000819
user000820,pass000820
user000821,pass000821
user000822,pass000822
user000823,pass000823
user000824,pass000824
user000825,pass000825
user000826,pass000826
user000827,pass000827
user000828,pass000828
user000829,pass000829
user000830,pass000830
user000831,pass000831
user000832,pass000832
user000833,pass000833
user000834,pass000834
user000835,pass000835
user000836,pass000836
user000837,pass000837
user000838,pass000838
user000839,pass000839
user000840,pass000840
user000841,pass000841
user000842,pass000842
user000843,pass000843
user000844,pass000844
user000845,pass000845
user000846,pass000846
user000847,pass000847
user000848,pass000848
user000849,pass000849
user000850,pass000850
user000851,pass000851
user000852,pass000852
user000853,pass000853
user000854,pass000854
user000855,pass000855
user000856,pass000856
user000857,pass000857
user000858,pass000858
user000859,pass000859
user000860,pass000860
user000861,pass000861
user000862,pass000862
user000863,pass000863
user000864,pass000864
user000865,pass000865
user000866,pass000866
user000867,pass000867
user000868,pass000868
user000869,pass000869
user000870,pass000870
user000871,pass000871
user000872,pass000872
user000873,pass000873
user000874,pass000874
user000875,pass000875
user000876,pass000876
user000877,pass000877
user000878,pass000878
user000879,pass000879
user000880,pass000880
user000881,pass000881
user000882,pass000882
user000883,pass000883
user000884,pass000884
user000885,pass000885
user000886,pass000886
user000887,pass000887
user000888,pass000888
user000889,pass000889
user000890,pass000890
user000891,pass000891
user000892,pass000892
user000893,pass000893
user000894,pass000894
user000895,pass000895
user000896,pass000896
user000897,pass000897
user000898,pass000898
user000899,pass000899
user000900,pass000900
user000901,pass000901
user000902,pass000902
user000903,pass000903
user000904,pass000904
user000905,pass000905
user000906,pass000906
user000907,pass000907
user000908,pass000908
user000909,pass000909
user000910,pass000910
user000911,pass000911
user000912,pass000912
user000913,pass000913
user000914,pass000914
user000915,pass000915
user000916,pass000916
user000917,pass000917
user000918,pass000918
user000919,pass000919
user000920,pass000920
user000921,pass000921
user000922,pass000922
user000923,pass000923
user000924,pass000924
user000925,pass000925
user000926,pass000926
user000927,pass000927
user000928,pass000928
user000929,pass000929
user000930,pass000930
user000931,pass000931
user000932,pass000932
user000933,pass000933
user000934,pass000934
user000935,pass000935
user000936,pass000936
user000937,pass000937
user000938,pass000938
user000939,pass000939
user000940,pass000940
user000941,pass000941
user000942,pass000942
user000943,pass000943
user000944,pass000944
user000945,pass000945
user000946,pass000946
user000947,pass000947
user000948,pass000948
user000949,pass000949
user000950,pass000950
user000951,pass000951
user000952,pass000952
user000953,pass000953
user000954,pass000954
user000955,pass000955
user000956,pass000956
user000957,pass000957
user000958,pass000958
user000959,pass000959
user000960,pass000960
user000961,pass000961
user000962,pass000962
user000963,pass000963
user000964,pass000964
user000965,pass000965
user000966,pass000966
user000967,pass000967
user000968,pass000968
user000969,pass000969
user000970,pass000970
user000971,pass000971
user000972,pass000972
user000973,pass000973
user000974,pass000974
user000975,pass000975
user000976,pass000976
user000977,pass000977
user000978,pass000978
user000979,pass000979
user000980,pass000980
user000981,pass000981
user000982,pass000982
user000983,pass000983
user000984,pass000984
user000985,pass000985
user000986,pass000986
user000987,pass000987
user000988,pass000988
user000989,pass000989
user000990,pass000990
user000991,pass000991
user000992,pass000992
user000993,pass000993
user000994,pass000994
user000995,pass000995
user000996,pass000996
user000997,pass000997
user000998,pass000998
user000999,pass000999
user001000,pass001000
